band_id,Region,X,Y,Radius,Annulus_Inner_Radius,Annulus_Outer_Radius,Net Flux (Jy),Flux Uncertainty,Flag,aperture_sum,tot_bg,Target Counts,Target Flux,Annulus Counts,Annulus Flux,Image Data Shape,Mask Shape,Mask Type,Non-zero mask elements,Flux Conv,MzpInstr,Offset in Arcseconds,Exists?,Point Source Position,Target Error,Annulus Error,Overlap Error (in counts),Overlap Counts
{'W4'},2,384.18707876909957,131.76868566060102,9,16,23,1.2411951741952976e-06,0.011899750912537468,Valid,37801.67062566666,2.031761961159988,37801.67062566666,2.031763202355162,127405.55279570908,6.847790313539219,"(369, 437)","(369, 437)",bool,255,8.363,12.98,[],No,[],0.010450031357197414,0.01918475578042824,[],
{'W4'},3,366.3504722272364,247.7422492690373,9,16,23,6.259495664062698e-05,0.011907960486111193,Valid,37854.10813766477,2.034519017419494,37854.10813766477,2.0345816123761344,127578.43932648696,6.8570826142657015,"(369, 437)","(369, 437)",bool,240,8.363,12.98,[],No,[],0.010457276853673331,0.01919776801325238,[],
{'W4'},4,356.61229617616186,260.11844049158367,9,16,23,0.00011861287565428924,0.011907781393768543,Valid,37853.208001250845,2.034414618992089,37853.208001250845,2.0345332318677434,127571.89282172485,6.856730752899264,"(369, 437)","(369, 437)",bool,241,8.363,12.98,[],No,[],0.010457152520647032,0.01919727545395834,[],
{'W4'},5,337.953951658367,77.23204321131463,9,16,23,0.00025797924451920196,0.011898212315387695,Valid,37792.98897935028,2.0310386022118974,37792.98897935028,2.0312965814564166,127360.193177598,6.845352325973432,"(369, 437)","(369, 437)",bool,251,8.363,12.98,[],No,[],0.010448831295344437,0.019181340345837822,[],
{'W4'},6,281.14775496044336,141.03078982251745,9,16,23,0.0009762821233523233,0.011909875152584674,Valid,37870.171772216425,2.0344687180617846,37870.171772216425,2.035445000185137,127575.28520824062,6.85691308680083,"(369, 437)","(369, 437)",bool,219,8.363,12.98,[8.399903121792557],Point Source Detected,"[(284.4256549340734, 135.87564640212466)]",0.010459495424718574,0.019197530698840296,[],
{'W4'},9,270.5375737979876,254.12560497500385,9,16,23,0.002698868683904454,0.011946826909254032,Valid,38112.836932020924,2.0457888921523906,38112.836932020924,2.048487760836295,128285.13855982808,6.895066266143244,"(369, 437)","(369, 437)",bool,226,8.363,12.98,[],No,[],0.010492953182848807,0.019250865980951833,[],
{'W4'},11,244.42268676214448,191.59675766724166,9,16,23,0.012302686365658566,0.011980261012624747,Valid,38367.27933675783,2.0498608381738457,38367.27933675783,2.0621635245395042,128540.47778939099,6.908790232363702,"(369, 437)","(369, 437)",bool,256,8.363,12.98,[1.6338919810711983],Yes!!,"[(243.3789797697625, 192.1648220806889)]",0.010527920549028723,0.019270014955713115,[],
{'W4'},13,230.85588144617907,154.74216664805692,9,16,23,0.004095847920554618,0.011938976612007202,Valid,38068.72751483029,2.0420211211162775,38068.72751483029,2.046116969036832,128048.8732094375,6.882367482280788,"(369, 437)","(369, 437)",bool,255,8.363,12.98,"[9.892932136731625, 9.311149014562547]",Point Source Detected,"[(224.10739484611082, 152.24738476096556), (236.3207499316335, 158.74113407789656)]",0.010486879480662294,0.019233130455395125,[],
{'W4'},14,227.71563951450554,346.9007995959165,9,16,23,0.03509518201254247,0.011875644421566585,Valid,37798.06909968262,1.996474445618393,37798.06909968262,2.0315696276309354,125192.78106835738,6.728858316713843,"(369, 437)","(369, 437)",bool,256,8.363,12.98,[],No,[],0.010449533535866725,0.019017426232416795,[],
{'W4'},22,168.96990674954895,25.773980081745414,9,16,23,0.00019728518375927706,0.011900057639089554,Valid,37804.45398318992,2.031715516998637,37804.45398318992,2.0319128021823962,127402.64042498653,6.8476337795139255,"(369, 437)","(369, 437)",bool,250,8.363,12.98,[],No,[],0.010450416070855924,0.019184536506467512,[],
{'W4'},26,154.83220592197557,197.7002497640166,9,16,23,0.0016701289876301928,0.011953395720228065,Valid,38150.36802802478,2.0488348522133366,38150.36802802478,2.050504981200967,128476.14136073523,6.9053322796819865,"(369, 437)","(369, 437)",bool,257,8.363,12.98,[11.71474898605227],Point Source Detected,"[(149.86148761483247, 190.78076634307183)]",0.010498118307809477,0.019265191887008856,[],
{'W4'},31,122.34377351734581,311.1217990670151,9,16,23,0.0008790577755006801,0.011909593136596052,Valid,37867.96462230873,2.0344473125742284,37867.96462230873,2.035326370349729,127573.94293585478,6.856840942379808,"(369, 437)","(369, 437)",bool,158,8.363,12.98,[],No,[],0.010459190620044346,0.019197429705990983,[],
{'W4'},32,119.74811061649291,244.91094798940713,9,16,23,0.005204227537432438,0.011931547291951852,Valid,38026.10410337833,2.0386218194974446,38026.10410337833,2.043826047034877,127835.71344459016,6.8709105768247225,"(369, 437)","(369, 437)",bool,256,8.363,12.98,"[9.493299201737535, 7.639899010230076]",Point Source Detected,"[(118.82242403579133, 238.06906766571936), (121.04226537600749, 250.3144214077748)]",0.010481007052101367,0.019217115331390783,[],
{'W4'},34,96.26280296733248,187.51505727851185,9,16,23,0.000617727885731334,0.011909221924383527,Valid,37864.491743471684,2.0345219822632528,37864.491743471684,2.035139710148984,127578.62524273398,6.85709260688726,"(369, 437)","(369, 437)",bool,256,8.363,12.98,[],No,[],0.010458711001784323,0.019197782001414046,[],
{'W4'},37,72.40881670378849,335.4022574174526,9,16,23,0.00017799136653806613,0.011897362537462989,Valid,37787.250409216766,2.0308101535726975,37787.250409216766,2.0309881449392355,127345.86786502755,6.844582369448721,"(369, 437)","(369, 437)",bool,256,8.363,12.98,[9.654272679321185],Point Source Detected,"[(71.59628112633462, 342.3763731057596)]",0.010448037978526168,0.01918026156911705,[],
{'W4'},41,42.13992812663329,282.5749752374168,9,16,23,0.0004176880423818474,0.011897826859371562,Valid,37791.22030252658,2.0307838306184567,37791.22030252658,2.0312015186608385,127344.21723340818,6.844493651343687,"(369, 437)","(369, 437)",bool,242,8.363,12.98,[],No,[],0.010448586794678189,0.019180137263360854,[],
{'W4'},44,27.106572031568845,287.11205716371296,9,16,23,8.162606062356303e-05,0.011897487318954018,Valid,37787.632793017314,2.030927071233105,37787.632793017314,2.0310086972937285,127353.19941244315,6.844976425267132,"(369, 437)","(369, 437)",bool,239,8.363,12.98,[4.995840817328477],Yes!!,"[(24.618842802905956, 289.7601421914975)]",0.010448090842260897,0.01918081368351073,[],
{'W4'},45,19.014239069555003,310.3407720619729,9,16,23,0.13679385923679566,0.011806434073953771,Valid,37793.4679908664,1.894528468118039,37793.4679908664,2.0313223273548346,118800.06190783328,6.385262614768206,"(369, 437)","(369, 437)",bool,254,8.363,12.98,"[4.64558351780892, 4.914657389017605]",Yes!!,"[(16.829309271611887, 307.76374627351134), (19.844169886671427, 313.8173809142442)]",0.010448897512582031,0.018525520983759536,[],
{'W4'},80,271.07633138328447,268.31856632258496,9,16,23,0.0008306058898828184,0.011932670549341093,Valid,38014.64076710589,2.042379310047372,38014.64076710589,2.043209915937255,128071.33413726444,6.8835747116411445,"(369, 437)","(369, 437)",bool,225,8.363,12.98,[],No,[],0.010479427132630234,0.01923481721374752,[],
{'W4'},85,217.177779014164,220.53977790511135,9,16,23,0.019105856412700906,0.012029431099592177,Valid,38711.39545223368,2.0615532120852893,38711.39545223368,2.08065906849799,129273.67064867204,6.948197862954123,"(369, 437)","(369, 437)",bool,256,8.363,12.98,[2.946439664849703],Yes!!,"[(219.27090874204174, 220.99877614197925)]",0.010575027616925844,0.019324894739425384,[],
{'W4'},91,144.73415995054484,178.38892395599828,9,16,23,0.0008969318145055638,0.011935496689623943,Valid,38032.93040123039,2.0432960148984747,38032.93040123039,2.0441929467129802,128128.8178831648,6.886664346509675,"(369, 437)","(369, 437)",bool,219,8.363,12.98,[],No,[],0.010481947764632512,0.01923913342279846,[],
{'W4'},98,45.10675790439183,76.52607203429392,9,16,23,0.0010419332218805089,0.011899514725182896,Valid,37804.60044794925,2.0308787411445666,37804.60044794925,2.031920674366447,127350.16878101855,6.844813534968726,"(369, 437)","(369, 437)",bool,254,8.363,12.98,[8.648368623975873],Point Source Detected,"[(49.234226323732294, 71.78006145919292)]",0.010450436314716533,0.019180585458688722,[],
{'W4'},103,264.99428678507184,340.36429686894803,9,16,23,0.00043497402275249897,0.011899582396321653,Valid,37802.44645877902,2.0313699277902084,37802.44645877902,2.031804901812961,127380.96958707279,6.846469015885518,"(369, 437)","(369, 437)",bool,254,8.363,12.98,"[11.735542703299899, 11.004844039681169]",Point Source Detected,"[(261.7420121942678, 332.47329469328), (271.0434262659724, 335.12365828784345)]",0.01045013859371131,0.019182904818692136,[],
{'W4'},105,210.91892635242857,313.0288159153972,9,16,23,0.0008373972913040539,0.011909508704472488,Valid,37867.25039814217,2.03445058495663,37867.25039814217,2.035287982247934,127574.14813690526,6.856851971520495,"(369, 437)","(369, 437)",bool,250,8.363,12.98,[9.722475938854023],Point Source Detected,"[(211.82847898046666, 306.016667649025)]",0.010459091984667402,0.019197445145394468,[],
{'W4'},107,203.9235774355693,174.00027022976883,9,16,23,0.008378218239008195,0.011969837002920961,Valid,38283.92576826474,2.049305220885054,38283.92576826474,2.0576834391240624,128505.63673557929,6.906917596316294,"(369, 437)","(369, 437)",bool,250,8.363,12.98,[1.7973691467121211],Yes!!,"[(205.0780258155945, 173.38711269541773)]",0.010516478287579623,0.019267403198152983,[],
{'W4'},120,176.8116251669976,251.19741357956195,9,16,23,0.0008769869199709568,0.011935598093033064,Valid,38033.49168246365,2.0433461275220295,38033.49168246365,2.0442231144420004,128131.96029188597,6.886833244611286,"(369, 437)","(369, 437)",bool,255,8.363,12.98,[8.522358618603525],Point Source Detected,"[(180.20331609105088, 246.00967640666127)]",0.010482025109433461,0.019239369344939063,[],
{'W4'},121,314.4891885019342,59.44307230719028,9,16,23,0.0004166283471027654,0.011900905900171411,Valid,37810.777395439865,2.0318360444312265,37810.777395439865,2.032252672778329,127410.19833012972,6.848040001601541,"(369, 437)","(369, 437)",bool,256,8.363,12.98,[],No,[],0.010451290035679288,0.019185105540030438,[],
{'W4'},124,86.95967542906033,73.8051571073845,9,16,23,0.0005281367872274068,0.011896898195283114,Valid,37785.791552625335,2.0303815975661577,37785.791552625335,2.030909734353385,127318.99443400482,6.843137976982235,"(369, 437)","(369, 437)",bool,251,8.363,12.98,[],No,[],0.010447836292295712,0.019178237684711934,[],
{'W3'},4,356.61229617616186,260.11844049158367,9,16,23,0.0008202270944556722,0.0011635669000106244,Valid,125187.71888095365,0.3608099285969867,125187.71888095365,0.36163015569144236,420971.9853055133,1.216063092678733,"(369, 437)","(369, 437)",bool,241,31.674,17.6,[],No,[],0.0010220773765130416,0.0018742585908115765,[],
{'W3'},5,337.953951658367,77.23204321131463,9,16,23,1.6458285382880966e-06,0.0011570451182077051,Valid,123724.18636024368,0.3574007988857027,123724.18636024368,0.357402444714241,416994.4115499797,1.2045730629110722,"(369, 437)","(369, 437)",bool,251,31.674,17.6,[],No,[],0.0010160854106010552,0.0018653830652838488,[],
{'W3'},6,281.14775496044336,141.03078982251745,9,16,23,0.0018455634839235624,0.00116425661026193,Valid,125417.31382376411,0.36044782383803914,125417.31382376411,0.3622933873219627,420549.5025876578,1.214842665528206,"(369, 437)","(369, 437)",bool,219,31.674,17.6,[3.993322999826168],Yes!!,"[(283.46881246673087, 139.2851459031614)]",0.001023014194851904,0.0018733178623763218,[],
{'W3'},7,277.2371378278582,287.356363815867,9,16,23,0.00010778181904697037,0.0011684739053790497,Valid,126188.84921951924,0.36441434221752683,126188.84921951924,0.3645221240365738,425177.40493906155,1.228211301547961,"(369, 437)","(369, 437)",bool,254,31.674,17.6,[8.265612207093067],Point Source Detected,"[(277.39853216974836, 281.3471763683028)]",0.001026156031799099,0.0018835970466760462,[],
{'W3'},8,271.08563927855295,171.90811985561467,9,16,23,0.0007887931394637282,0.0011705018935631206,Valid,126681.16590086588,0.3651554876367355,126681.16590086588,0.3659442807761992,426042.1301968661,1.2307092361089975,"(369, 437)","(369, 437)",bool,253,31.674,17.6,[4.087011969382882],Yes!!,"[(268.80396961634534, 173.81310834210194)]",0.001028155820012922,0.0018855115023881867,[],
{'W3'},9,270.5375737979876,254.12560497500385,9,16,23,0.004937166247611202,0.0011891286751338059,Valid,131071.71534397753,0.3736901084586341,131071.71534397753,0.3786272747062453,435999.8281050004,1.2594740692494706,"(369, 437)","(369, 437)",bool,226,31.674,17.6,[],No,[],0.0010458211101917042,0.0019074188552174551,[],
{'W3'},11,244.42268676214448,191.59675766724166,9,16,23,0.010709491375046065,0.0012012905438902586,Valid,134215.6942371512,0.37699980500866254,134215.6942371512,0.3877092963837086,439861.389046081,1.2706289724366036,"(369, 437)","(369, 437)",bool,256,31.674,17.6,[0.6372828878546131],Yes!!,"[(244.13097064596934, 191.95691596580338)]",0.001058289685763033,0.0019158470432211762,[],
{'W3'},13,230.85588144617907,154.74216664805692,9,16,23,0.00450491040522627,0.0011779983670201775,Valid,128602.56981136694,0.36698973586618133,128602.56981136694,0.3714946462714076,428182.2240731495,1.236891331993426,"(369, 437)","(369, 437)",bool,255,31.674,17.6,[9.25523060784886],Point Source Detected,"[(224.3183727643243, 153.13955114294833)]",0.0010359236209390122,0.00189024121883568,[],
{'W3'},14,227.71563951450554,346.9007995959165,9,16,23,0.005837196555936008,0.0011554000713607567,Valid,123834.85599520443,0.35188493987949726,123834.85599520443,0.35772213643543327,410558.8288997548,1.1859825751494169,"(369, 437)","(369, 437)",bool,256,31.674,17.6,[],No,[],0.0010165397464500744,0.0018509326243854906,[],
{'W3'},22,168.96990674954895,25.773980081745414,9,16,23,0.0005890459288671601,0.0011575263648158317,Valid,123873.65601640107,0.3572451722493408,123873.65601640107,0.357834218178208,416812.8354655011,1.2040485435070376,"(369, 437)","(369, 437)",bool,250,31.674,17.6,"[5.915797833842992, 0.35389129096326516]",Yes!!,"[(164.75538072324719, 24.908877144643192), (169.08989215094977, 25.546283693482643)]",0.0010166989854397612,0.001864976889776984,[],
{'W3'},25,156.89715217407192,251.971370896597,9,16,23,0.0004341315671908541,0.0011775233324048196,Valid,128176.71348046501,0.36983034218711286,128176.71348046501,0.3702644737543037,431496.4778882927,1.2464652273713805,"(369, 437)","(369, 437)",bool,250,31.674,17.6,[3.527868378692109],Yes!!,"[(154.6464211744247, 253.20309403008687)]",0.0010342070127472673,0.0018975426232247443,[],
{'W3'},31,122.34377351734581,311.1217990670151,9,16,23,0.0007508250641788394,0.0011617872193862757,Valid,124799.76269598238,0.35975864038043504,124799.76269598238,0.3605094654446139,419745.4035166717,1.2125198620229478,"(369, 437)","(369, 437)",bool,158,31.674,17.6,[],No,[],0.0010204924410073411,0.0018715260948584706,[],
{'W3'},32,119.74811061649291,244.91094798940713,9,16,23,0.007585318030383592,0.0011790035802103681,Valid,129065.53171940861,0.3652466877550464,129065.53171940861,0.37283200578542997,426148.53717689216,1.2310166142855268,"(369, 437)","(369, 437)",bool,256,31.674,17.6,"[9.328003255930273, 10.064479403727658]",Point Source Detected,"[(117.89267261003336, 238.38560974448924), (122.43343057161219, 251.7202001832488)]",0.0010377865787515891,0.001885746947482504,[],
{'W3'},34,96.26280296733248,187.51505727851185,9,16,23,0.0009409977359809418,0.001166085016152716,Valid,125739.43621016954,0.36228290553266335,125739.43621016954,0.3632239032686443,422690.56890251185,1.2210275704989766,"(369, 437)","(369, 437)",bool,256,31.674,17.6,[],No,[],0.001024327109471666,0.0018780804476544498,[],
{'W3'},38,60.883681982667305,112.86158188491027,9,16,23,0.000180620099893114,0.0011572589726433907,Valid,123784.10246186628,0.35739490444479693,123784.10246186628,0.35757552454469005,416987.5342600442,1.2045531964620935,"(369, 437)","(369, 437)",bool,252,31.674,17.6,[1.4170819923031746],Yes!!,"[(60.09736163076986, 113.52780044931512)]",0.0010163314114425071,0.0018653676827838452,[],
{'W3'},40,50.603270305964486,187.35937358303994,9,16,23,0.00013498374514092637,0.0011586554020388236,Valid,124079.36636781377,0.35829347056959615,124079.36636781377,0.3584284543147371,418035.9288176889,1.2075816971049353,"(369, 437)","(369, 437)",bool,248,31.674,17.6,[],No,[],0.0010175428240537696,0.0018677111744775615,[],
{'W3'},44,27.106572031568845,287.11205716371296,9,16,23,0.0002286577979089821,0.0011570491926285156,Valid,123743.03929571502,0.3572282474500864,123743.03929571502,0.3574569052479954,416793.08859664266,1.203991500665106,"(369, 437)","(369, 437)",bool,239,31.674,17.6,[2.57793760495788],Yes!!,"[(25.524403391228326, 288.1179679114064)]",0.0010161628225588521,0.0018649327118065281,[],
{'W3'},45,19.014239069555003,310.3407720619729,9,16,23,0.024006335783226918,0.001147775278936005,Valid,123651.06675149291,0.3331848880881633,123651.06675149291,0.35719122387139024,388740.69889838586,1.1229564746675136,"(369, 437)","(369, 437)",bool,254,31.674,17.6,[8.488992697815712],Point Source Detected,"[(15.011562288414066, 305.64028857492156)]",0.0010157851186771282,0.0018010796445794505,[],
{'W3'},85,217.177779014164,220.53977790511135,9,16,23,0.029102976569389982,0.0012439362696045465,Valid,145309.7794088337,0.3906538384028219,145309.7794088337,0.4197568149722119,455792.1190227142,1.3166481220243258,"(369, 437)","(369, 437)",bool,256,31.674,17.6,[2.1547111298820085],Yes!!,"[(218.72188467686087, 220.2725269218816)]",0.001101159764216943,0.0019502321796626824,[],
{'W3'},91,144.73415995054484,178.38892395599828,9,16,23,0.0012414469249107385,0.00118120619850783,Valid,129043.47974309797,0.37152685724747164,129043.47974309797,0.3727683041723824,433475.87273431825,1.2521831114637008,"(369, 437)","(369, 437)",bool,219,31.674,17.6,[10.026240301099667],Point Source Detected,"[(141.45803510522248, 184.903332371342)]",0.0010376979175018945,0.0019018899223256429,[],
{'W3'},98,45.10675790439183,76.52607203429392,9,16,23,1.9486471245833137e-05,0.0011563678945018636,Valid,123580.80940766772,0.35696878479095,123580.80940766772,0.35698827126219584,416490.362695628,1.2031170154065354,"(369, 437)","(369, 437)",bool,254,31.674,17.6,[],No,[],0.0010154964980185618,0.0018642553181525945,[],
{'W3'},105,210.91892635242857,313.0288159153972,9,16,23,0.0018318696530113532,0.0011643969134366872,Valid,125446.42350565206,0.3605456068982097,125446.42350565206,0.36237747655122104,420663.5901603838,1.215172230656929,"(369, 437)","(369, 437)",bool,250,31.674,17.6,"[9.855792384944166, 11.930439908686152]",Point Source Detected,"[(211.90309616322935, 305.92885319713116), (206.84080741421832, 320.6873918789554)]",0.001023132910079851,0.0018735719439930576,[],
{'W3'},107,203.9235774355693,174.00027022976883,9,16,23,0.006009923370132786,0.0011944094671356232,Valid,132319.94267219564,0.3762231095293026,132319.94267219564,0.3822330328994354,438955.18605107104,1.2680112210061683,"(369, 437)","(369, 437)",bool,250,31.674,17.6,"[1.3918050335023846, 10.88555864632431]",Yes!!,"[(204.19898290004437, 173.02623485201292), (196.6837884417256, 177.20350345639613)]",0.0010507891127674415,0.0019138725104514975,[],
{'W3'},120,176.8116251669976,251.19741357956195,9,16,23,0.0007084419032274969,0.0011821426683450683,Valid,129205.79908653037,0.37252875466500596,129205.79908653037,0.37323719656823345,434644.8282189198,1.2555598768339091,"(369, 437)","(369, 437)",bool,255,31.674,17.6,[7.418232586074221],Point Source Detected,"[(180.4341362765943, 247.19937864567987)]",0.001038350354610863,0.0019044526114731048,[],
{'W2'},3,366.3504722272364,247.7422492690373,9,16,23,7.152675727006841e-05,0.000141825256852679,Valid,2343.4993069670772,0.005965945176626572,2343.4993069670772,0.0060374719338966406,7804.886481868644,0.020107444854556226,"(369, 437)","(369, 437)",bool,240,171.787,19.56,[12.13025853660956],Point Source Detected,"[(374.98496950002595, 245.9330360286206)]",0.00012471615416244323,0.00022760069866729245,[],
{'W2'},5,337.953951658367,77.23204321131463,9,16,23,3.4526455041968517e-05,0.00013214664056427188,Valid,2032.1085559795783,0.005200720825332115,2032.1085559795783,0.0052352472803740835,6803.789586373547,0.017528355374267498,"(369, 437)","(369, 437)",bool,251,171.787,19.56,[3.344228698621333],Yes!!,"[(338.96716715757196, 75.02097388741595)]",0.00011613516670032318,0.00021250332636134887,[],
{'W2'},6,281.14775496044336,141.03078982251745,9,16,23,0.00015769239691790053,0.00014081216481477826,Valid,2317.8818496695385,0.005813782214516616,2317.8818496695385,0.005971474611434517,7605.820850044549,0.019594599315593042,"(369, 437)","(369, 437)",bool,219,171.787,19.56,[3.076099940488436],Yes!!,"[(282.7078359166899, 139.42734088626844)]",0.00012403262720059433,0.00022467944442105433,[],
{'W2'},7,277.2371378278582,287.356363815867,9,16,23,0.00010115582750201777,0.00014798219514060952,Valid,2553.456545367807,0.006477221294799975,2553.456545367807,0.006578377122301993,8473.758210503984,0.021830634734325845,"(369, 437)","(369, 437)",bool,254,171.787,19.56,"[7.89068574953197, 5.396014991466557]",Yes!!,"[(275.8340850537986, 281.79184243243986), (280.9547959972183, 288.6132383870843)]",0.00013018307666788504,0.000237152839698217,[],
{'W2'},8,271.08563927855295,171.90811985561467,9,16,23,0.00028966547008943584,0.00015474867881240783,Valid,2808.2110593445013,0.006945026430542205,2808.2110593445013,0.007234691900631641,9085.759473004322,0.023407311302938546,"(369, 437)","(369, 437)",bool,253,171.787,19.56,[1.825459030088275],Yes!!,"[(270.1092992888553, 172.80773058870955)]",0.00013652279412842605,0.0002455675137539014,[],
{'W2'},9,270.5375737979876,254.12560497500385,9,16,23,0.0005617054860774864,0.00016504997285493738,Valid,3215.1507886867303,0.007721370421917435,3215.1507886867303,0.008283075907994921,10101.403523389432,0.026023878088684692,"(369, 437)","(369, 437)",bool,226,171.787,19.56,"[11.948349001324734, 7.500998955178706]",Point Source Detected,"[(266.0938652490289, 246.6580425955746), (265.442729077611, 256.0756178826592)]",0.00014608007003498547,0.0002589292751851636,[],
{'W2'},11,244.42268676214448,191.59675766724166,9,16,23,6.191514090638124e-05,0.00017209454162285957,Valid,3446.7233971540927,0.008817752846345572,3446.7233971540927,0.008879667987251953,11535.734565669654,0.029719092926572113,"(369, 437)","(369, 437)",bool,256,171.787,19.56,[2.3228946132256816],Yes!!,"[(244.12063156533156, 193.25891302343618)]",0.00015124934813850522,0.00027670239786808443,[],
{'W2'},12,239.85047707115217,223.3968174284093,9,16,23,0.00010452064243757046,0.0001943791619646162,Valid,4399.421442261542,0.011229548629130724,4399.421442261542,0.011334069271568294,14690.941619169873,0.03784773797225541,"(369, 437)","(369, 437)",bool,168,171.787,19.56,[8.153464092659007],Point Source Detected,"[(239.17270394676657, 217.5058872360889)]",0.0001708787581074428,0.00031225910593588887,[],
{'W2'},13,230.85588144617907,154.74216664805692,9,16,23,0.0007517884634971128,0.00015755914079949258,Valid,2951.24071929565,0.006851385542122822,2951.24071929565,0.007603174005619935,8963.254742817058,0.0230917068271547,"(369, 437)","(369, 437)",bool,255,171.787,19.56,[6.830833746071463],Yes!!,"[(226.04043168688173, 153.52099224013972)]",0.00013995635157676068,0.00024390638263888423,[],
{'W2'},14,227.71563951450554,346.9007995959165,9,16,23,0.0001605266267534827,0.0001360973758810407,Valid,2166.4358843064497,0.005420783258511399,2166.4358843064497,0.005581309885264882,7091.684003609767,0.01827004727868657,"(369, 437)","(369, 437)",bool,256,171.787,19.56,[0.7240747441902733],Yes!!,"[(227.25771276404325, 346.6407794755969)]",0.00011991215715175245,0.0002169526620297098,[],
{'W2'},22,168.96990674954895,25.773980081745414,9,16,23,0.0001261851477043349,0.00013236101337281273,Valid,2046.8378219482213,0.005147008604268095,2046.8378219482213,0.00527319375197243,6733.521125017905,0.017347325295866547,"(369, 437)","(369, 437)",bool,250,171.787,19.56,[1.0206632652943224],Yes!!,"[(169.4730444780039, 25.228212221018516)]",0.00011655529613705921,0.00021140312796941955,[],
{'W2'},25,156.89715217407192,251.971370896597,9,16,23,0.00016677820132313375,0.00016008537738096618,Valid,2992.520681729041,0.007542743868442995,2992.520681729041,0.0077095220697661285,9867.71717005559,0.02542184044549306,"(369, 437)","(369, 437)",bool,250,171.787,19.56,[1.865350154043277],Yes!!,"[(157.020510216117, 253.3223690608367)]",0.00014093176005439907,0.0002559167088896988,[],
{'W2'},29,127.21165722875055,318.8650892744979,9,16,23,1.0288030114168761e-05,0.00013529380606025027,Valid,2127.7527793585537,0.0054713639803885645,2127.7527793585537,0.005481652010502733,7157.85571332794,0.018440523045013313,"(369, 437)","(369, 437)",bool,157,171.787,19.56,[8.56933997537312],Point Source Detected,"[(129.5399206040985, 313.0840775482681)]",0.0001188367808329688,0.00021796249234963238,[],
{'W2'},31,122.34377351734581,311.1217990670151,9,16,23,0.00010645798383351283,0.00013723120878386493,Valid,2197.6428736218168,0.00555524933170703,2197.6428736218168,0.005661707315540543,7267.597862333474,0.018723247747605174,"(369, 437)","(369, 437)",bool,158,171.787,19.56,[10.25597634510562],Point Source Detected,"[(129.5399206040985, 313.0840775482681)]",0.00012077272210645844,0.000219627005234061,[],
{'W2'},32,119.74811061649291,244.91094798940713,9,16,23,0.00033318721701686496,0.00014992446239315286,Valid,2641.295412553073,0.006471485980457707,2641.295412553073,0.006804673197474572,8466.255044441623,0.021811304600801905,"(369, 437)","(369, 437)",bool,256,171.787,19.56,"[9.94204452325282, 8.391780101803166]",Point Source Detected,"[(118.72002402457665, 237.75383298119868), (121.9826434657746, 250.59028332423264)]",0.00013240329221500996,0.0002370478218794094,[],
{'W2'},34,96.26280296733248,187.51505727851185,9,16,23,0.00014432835614869473,0.00014264592800214415,Valid,2377.0912877775154,0.005979685374770917,2377.0912877775154,0.0061240137309196115,7822.861954921121,0.020153754411264945,"(369, 437)","(369, 437)",bool,256,171.787,19.56,[6.73712336437424],Yes!!,"[(93.28171869132426, 183.6265546237317)]",0.00012560682142945986,0.000227862642086371,[],
{'W2'},35,90.43454528460511,166.02228986565282,9,16,23,2.6023768008648016e-06,0.00013930077854521332,Valid,2254.9161634713787,0.00580665602996494,2254.9161634713787,0.0058092584067658045,7596.498092320829,0.01957058143432628,"(369, 437)","(369, 437)",bool,171,171.787,19.56,[2.809642051900591],Yes!!,"[(88.7577205887646, 164.85453788556248)]",0.0001223363433683993,0.00022454170292481618,[],
{'W2'},37,72.40881670378849,335.4022574174526,9,16,23,1.8773249919728716e-05,0.00013197163648791325,Valid,2025.3387862654924,0.005199033319238348,2025.3387862654924,0.005217806569158077,6801.581923864196,0.01752266785372925,"(369, 437)","(369, 437)",bool,256,171.787,19.56,[],No,[],0.00011594155887882,0.00021246884751079895,[],
{'W2'},38,60.883681982667305,112.86158188491027,9,16,23,7.024549062563477e-05,0.00013263956311162738,Valid,2050.4463434217714,0.005212244763826929,2050.4463434217714,0.005282490254452564,6818.865660509868,0.017567195315120392,"(369, 437)","(369, 437)",bool,252,171.787,19.56,[0.9568068449233852],Yes!!,"[(60.67698087976386, 113.52603289443866)]",0.00011665799286133918,0.00021273863222280885,[],
{'W2'},42,34.03946559826659,185.534540849827,9,16,23,0.0001033303170150943,0.00013523831978226288,Valid,2134.27228030374,0.005395117646387028,2134.27228030374,0.005498447963402122,7058.107230242284,0.01818354466004517,"(369, 437)","(369, 437)",bool,248,171.787,19.56,[4.202638303327356],Yes!!,"[(34.82033221783704, 188.48957403300582)]",0.0001190187013902842,0.0002164384531802829,[],
{'W2'},44,27.106572031568845,287.11205716371296,9,16,23,0.00018637972605905877,0.00013370334199829022,Valid,2093.681796827199,0.005207496452728349,2093.681796827199,0.005393876178787408,6812.653731300365,0.01755119174808444,"(369, 437)","(369, 437)",bool,239,171.787,19.56,"[0.6460661117881591, 6.957804777950241]",Yes!!,"[(26.75899943840708, 286.79588062468633), (32.155152043338894, 286.7690064521821)]",0.00011788149472905605,0.00021264170859215933,[],
{'W2'},45,19.014239069555003,310.3407720619729,9,16,23,0.0004024275114269194,0.00013094190765400434,Valid,2027.9566366254735,0.00482212333029335,2027.9566366254735,0.0052245508417202696,6308.493303284299,0.016252341594692403,"(369, 437)","(369, 437)",bool,254,171.787,19.56,[1.1260266805068824],Yes!!,"[(19.518998553028062, 309.69589861527953)]",0.00011601646477583618,0.0002046223738403679,[],
{'W2'},83,231.48778364414852,269.8943392761296,9,16,23,0.00022214932173136165,0.0001620341148374027,Valid,3070.3757336612935,0.007687947883498058,3070.3757336612935,0.00791009720522942,10057.678830892895,0.02591123175549346,"(369, 437)","(369, 437)",bool,256,171.787,19.56,[6.055958879179225],Yes!!,"[(232.21181580819353, 274.2387533415802)]",0.00014275326759922546,0.00025836826991980057,[],
{'W2'},85,217.177779014164,220.53977790511135,9,16,23,0.006329037421444509,0.00023478356936006362,Valid,6967.047282326979,0.011619912810428077,6967.047282326979,0.017948950231872585,15201.631548663341,0.03916340984255389,"(369, 437)","(369, 437)",bool,256,171.787,19.56,[0.6444691761605599],Yes!!,"[(217.63552462551527, 220.64054100775823)]",0.000215037733739312,0.0003176401529617535,[],
{'W2'},98,45.10675790439183,76.52607203429392,9,16,23,7.310816217347398e-05,0.0001316045658414281,Valid,2018.922829883073,0.005128169212172041,2018.922829883073,0.005201277374345515,6708.874683868358,0.017283829566950216,"(369, 437)","(369, 437)",bool,254,171.787,19.56,[0.3133257330479177],Yes!!,"[(44.88740036089273, 76.46435905059778)]",0.0001157577708515083,0.0002110158780301402,[],
{'W2'},101,280.4506992248437,154.97753584782436,9,16,23,0.00026886054807685397,0.00014796247860005582,Valid,2567.6734315259705,0.00634614302037435,2567.6734315259705,0.006615003568451204,8302.276404714117,0.02138885240200244,"(369, 437)","(369, 437)",bool,225,171.787,19.56,"[10.838675552102037, 1.319107746197877]",Yes!!,"[(288.30347675726074, 154.2916623846832), (279.5716639394442, 155.36179032457645)]",0.00013054498393389865,0.00023474096711094292,[],
{'W2'},105,210.91892635242857,313.0288159153972,9,16,23,0.0002510687756334942,0.00014264686932514498,Valid,2386.6027542190077,0.0058974489999512845,2386.6027542190077,0.006148517775584779,7715.2770624782115,0.019876587370206183,"(369, 437)","(369, 437)",bool,250,171.787,19.56,[8.789258643912842],Point Source Detected,"[(212.17312640476192, 306.76087748806503)]",0.0001258578661333917,0.0002262903628146971,[],
{'W2'},107,203.9235774355693,174.00027022976883,9,16,23,0.00022295945394939197,0.00016563502645538063,Valid,3207.54432262421,0.00804052019249252,3207.54432262421,0.008263479646441913,10518.927931728264,0.027099531019141462,"(369, 437)","(369, 437)",bool,250,171.787,19.56,"[3.4066564353286446, 9.001546796734347]",Yes!!,"[(205.4505471764895, 175.9513489939941), (197.4882398281436, 175.20199152371185)]",0.00014590716818004235,0.00026422629510774954,[],
{'W2'},120,176.8116251669976,251.19741357956195,9,16,23,0.000307415820150923,0.0001649375340792633,Valid,3188.2546419247738,0.00790636852427385,3188.2546419247738,0.008213784344424773,10343.425390085395,0.026647390211441503,"(369, 437)","(369, 437)",bool,255,171.787,19.56,"[5.092353250628895, 7.827501237142721]",Yes!!,"[(179.60281249253336, 248.7631980045809), (177.7766672140282, 256.8077476866381)]",0.00014546777488234162,0.00026201278809759716,[],
{'W1'},3,366.3504722272364,247.7422492690373,9,16,23,8.751015839810524e-05,6.958924899037914e-05,Valid,1508.2530155226214,0.0022958571638779708,1508.2530155226214,0.002383367322276076,4896.725002572002,0.007737888959736865,"(369, 437)","(369, 437)",bool,240,309.54,20.73,[12.060619832217286],Point Source Detected,"[(374.88445238240735, 245.71544415835896)]",6.136968291900906e-05,0.00011057823044028956,[],
{'W1'},5,337.953951658367,77.23204321131463,9,16,23,3.757462914473096e-05,5.024507270272568e-05,Valid,785.1142847905568,0.0012030764495296069,785.1142847905568,0.0012406510786743378,2565.984776015578,0.004054813218784972,"(369, 437)","(369, 437)",bool,251,309.54,20.73,[],No,[],4.4277512860258056e-05,8.004677068777972e-05,[],
{'W1'},6,281.14775496044336,141.03078982251745,9,16,23,0.00010880573412270405,6.652199437893237e-05,Valid,1382.4019358377723,0.0020756895503009545,1382.4019358377723,0.0021844952844236585,4427.13992771563,0.006995842558421736,"(369, 437)","(369, 437)",bool,219,309.54,20.73,"[8.168447372161333, 3.660578213391915]",Yes!!,"[(278.62008634076614, 135.65466872089107), (283.8082160619188, 141.1280617279657)]",5.875352730990251e-05,0.00010514252506894181,[],
{'W1'},7,277.2371378278582,287.356363815867,9,16,23,1.7622844889964105e-05,7.910962749496424e-05,Valid,1935.341044275112,0.003040636316479352,1935.341044275112,0.003058259161369316,6485.229181018973,0.010248070548134113,"(369, 437)","(369, 437)",bool,254,309.54,20.73,"[9.357943488174326, 9.09249031124701]",Point Source Detected,"[(274.8405597311014, 280.9865116663661), (283.5878894098889, 289.19919434247646)]",6.951772190082606e-05,0.00012725634408739377,[],
{'W1'},8,271.08563927855295,171.90811985561467,9,16,23,0.00031738246673616334,8.940315855997548e-05,Valid,2514.4476316778882,0.0036559908713167805,2514.4476316778882,0.003973373338052944,7797.689765034274,0.012322043307030631,"(369, 437)","(369, 437)",bool,253,309.54,20.73,[1.5930292990238084],Yes!!,"[(270.2425015752207, 172.7027240304418)]",7.923883390814504e-05,0.00013954033283810683,[],
{'W1'},9,270.5375737979876,254.12560497500385,9,16,23,0.0007106383619924564,0.00010411399044826013,Valid,3450.580166931257,0.004742027688145158,3450.580166931257,0.005452666050137615,10114.046251992073,0.015982389615600348,"(369, 437)","(369, 437)",bool,226,309.54,20.73,[6.117157273541634],Yes!!,"[(266.3939116190876, 255.7449432208837)]",9.282454714382992e-05,0.00015892025232443267,[],
{'W1'},12,239.85047707115217,223.3968174284093,9,16,23,4.9559571290757123e-05,0.00014232228459855564,Valid,6262.8146347497795,0.009847047690431043,6262.8146347497795,0.0098966072617218,21002.301617843783,0.03318819777145278,"(369, 437)","(369, 437)",bool,168,309.54,20.73,[6.994316858131593],Point Source Detected,"[(239.18123474833118, 218.35425811230726)]",0.00012505514298997183,0.00022900777320780243,[],
{'W1'},13,230.85588144617907,154.74216664805692,9,16,23,0.0009073302615415042,9.289233780562105e-05,Valid,2796.3091616289744,0.003511445507654193,2796.3091616289744,0.004418775769195697,7489.39580520583,0.011834871896167836,"(369, 437)","(369, 437)",bool,255,309.54,20.73,"[5.902548045834064, 12.231365010155992]",Yes!!,"[(226.7276917494284, 153.56494204110064), (233.71533941891724, 163.16559243423282)]",8.356210487690001e-05,0.0001367540414650258,[],
{'W1'},14,227.71563951450554,346.9007995959165,9,16,23,0.0001837232467884562,6.178102755311408e-05,Valid,1205.3919298450544,0.0017210577856781142,1205.3919298450544,0.0019047810324665704,3670.7626339288972,0.005800602166544756,"(369, 437)","(369, 437)",bool,256,309.54,20.73,[0.5090651327687477],Yes!!,"[(227.38653642911314, 346.73120945986784)]",5.486317258218361e-05,9.574033204494249e-05,[],
{'W1'},22,168.96990674954895,25.773980081745414,9,16,23,5.328855496728423e-05,4.947639201905345e-05,Valid,763.716252897136,0.0011535489861567057,763.716252897136,0.00120683754112399,2460.349995234005,0.0038878873237133413,"(369, 437)","(369, 437)",bool,250,309.54,20.73,[0.39460044225887086],Yes!!,"[(169.14192055199408, 25.544262858547373)]",4.3669960066854865e-05,7.838179846671295e-05,[],
{'W1'},25,156.89715217407192,251.971370896597,9,16,23,0.0001795487279269009,9.819858802754297e-05,Valid,3004.078132332481,0.004567547137606262,3004.078132332481,0.004747095865533163,9741.904949942065,0.015394325537858146,"(369, 437)","(369, 437)",bool,250,309.54,20.73,[1.8511196911304246],Yes!!,"[(157.5095647557755, 253.17028321216011)]",8.661086783550773e-05,0.00015596915606004048,[],
{'W1'},29,127.21165722875055,318.8650892744979,9,16,23,8.646965267577913e-05,5.887552167630735e-05,Valid,1083.0421312638414,0.0016249721264795837,1083.0421312638414,0.0017114417791553628,3465.826082479275,0.005476757907764524,"(369, 437)","(369, 437)",bool,157,309.54,20.73,[9.038391165913795],Point Source Detected,"[(129.64297132262627, 312.75788229918567)]",5.2004323827220944e-05,9.302938739830092e-05,[],
{'W1'},31,122.34377351734581,311.1217990670151,9,16,23,0.00015879198177084597,6.19086084086014e-05,Valid,1206.6554537450634,0.0017479856928659734,1206.6554537450634,0.0019067776746368194,3728.1958917414204,0.0058913591870668,"(369, 437)","(369, 437)",bool,158,309.54,20.73,[10.285427876147127],Point Source Detected,"[(129.64297132262627, 312.75788229918567)]",5.489191956960571e-05,9.648640828029206e-05,[],
{'W1'},32,119.74811061649291,244.91094798940713,9,16,23,0.00029102245614447825,8.161819970659398e-05,Valid,2099.450242157915,0.0030265648786104446,2099.450242157915,0.003317587334754923,6455.216877675832,0.01020064459087224,"(369, 437)","(369, 437)",bool,256,309.54,20.73,"[12.077827117421919, 7.502347927749635]",Point Source Detected,"[(118.99314019699655, 236.15957844226784), (122.35526435179105, 249.7040104181587)]",7.240516896137196e-05,0.00012696154456445425,[],
{'W1'},34,96.26280296733248,187.51505727851185,9,16,23,0.0002117059261130213,7.179057359884801e-05,Valid,1622.3527818431623,0.002351963806785768,1622.3527818431623,0.002563669732898789,5016.392203763611,0.007926989126574255,"(369, 437)","(369, 437)",bool,256,309.54,20.73,[7.048245877320503],Point Source Detected,"[(93.33342851412652, 183.3085609568801)]",6.364868378754189e-05,0.00011192124185828804,[],
{'W1'},37,72.40881670378849,335.4022574174526,9,16,23,2.9458185196063347e-05,5.0591563704189735e-05,Valid,794.7293984961581,0.0012263868613139415,794.7293984961581,0.0012558450465100048,2615.7024492230007,0.004133377939984025,"(369, 437)","(369, 437)",bool,256,309.54,20.73,[],No,[],4.4547816041304055e-05,8.081853017397037e-05,[],
{'W1'},38,60.883681982667305,112.86158188491027,9,16,23,6.83435000562397e-05,5.27298511487819e-05,Valid,868.5910277462037,0.0013042189617102722,868.5910277462037,0.0013725624617665119,2781.7068496751804,0.004395700945023511,"(369, 437)","(369, 437)",bool,252,309.54,20.73,[1.4812083476281173],Yes!!,"[(60.85985815622834, 113.9385608635844)]",4.6571952702075526e-05,8.334363885712363e-05,[],
{'W1'},42,34.03946559826659,185.534540849827,9,16,23,0.00018322255829266517,5.868444656390226e-05,Valid,1090.1145533927559,0.001539395183793265,1090.1145533927559,0.00172261774208593,3283.3030747378266,0.005188331915747671,"(369, 437)","(369, 437)",bool,248,309.54,20.73,[4.934454145390541],Yes!!,"[(35.118822328290946, 188.95707112530735)]",5.2173845414326195e-05,9.054662452486453e-05,[],
{'W1'},44,27.106572031568845,287.11205716371296,9,16,23,0.0002430116211919024,5.396781542497753e-05,Valid,934.6760652099645,0.0012339795519124982,934.6760652099645,0.0014769911731044006,2631.8965393762137,0.004158968119408791,"(369, 437)","(369, 437)",bool,239,309.54,20.73,"[0.9587006703440272, 7.546408711591116]",Yes!!,"[(26.704567471152394, 286.54238043650787), (32.59471545360765, 287.07095652114765)]",4.8311145938639366e-05,8.106832217684381e-05,[],
{'W1'},45,19.014239069555003,310.3407720619729,9,16,23,8.189783853327975e-05,4.865902843725054e-05,Valid,743.0865105367916,0.0010923402293573784,743.0865105367916,0.0011742380678906581,2329.800736982524,0.0036815911433896826,"(369, 437)","(369, 437)",bool,254,309.54,20.73,[],No,[],4.307610897793247e-05,7.627393764055437e-05,[],
{'W1'},83,231.48778364414852,269.8943392761296,9,16,23,0.00029864274989866487,0.00010031225271284732,Valid,3150.905243010975,0.0046804718379667674,3150.905243010975,0.004979114587865432,9982.7566947123,0.015774923602036143,"(369, 437)","(369, 437)",bool,256,309.54,20.73,[6.583874602353049],Yes!!,"[(232.03974977387307, 274.65069155172574)]",8.870221190938356e-05,0.00015788541807462553,[],
{'W1'},85,217.177779014164,220.53977790511135,9,16,23,0.009395225077299568,0.0001903583896817612,Valid,12551.44255002239,0.010438780035418977,12551.44255002239,0.019834005112718545,22264.379509326645,0.03518255493418989,"(369, 437)","(369, 437)",bool,256,309.54,20.73,[0.29782167792510633],Yes!!,"[(217.3943757277362, 220.5391628086986)]",0.0001770368198039994,0.00023578820503806938,[],
{'W1'},91,144.73415995054484,178.38892395599828,9,16,23,2.6364229232589582e-05,9.043530813762929e-05,Valid,2529.6344619393476,0.003971007598862544,2529.6344619393476,0.003997371828095134,8469.574022588087,0.01338376635172191,"(369, 437)","(369, 437)",bool,219,309.54,20.73,"[6.991001473431513, 8.879025049359516]",Point Source Detected,"[(149.70973238349896, 177.34276710076176), (142.30866351389432, 184.3735645200485)]",7.947776811981768e-05,0.00014542784286692388,[],
{'W1'},98,45.10675790439183,76.52607203429392,9,16,23,9.48547306941223e-05,5.079201447292917e-05,Valid,810.4750036691856,0.0011858717915713608,810.4750036691856,0.001280726522265483,2529.2897759474836,0.003996827149370143,"(369, 437)","(369, 437)",bool,254,309.54,20.73,[0.13314894931077426],Yes!!,"[(45.09266689385177, 76.43026714395607)]",4.498695421370385e-05,7.947235314642678e-05,[],
{'W1'},101,280.4506992248437,154.97753584782436,9,16,23,0.0003791819220954097,7.921092812789281e-05,Valid,1992.6474461284754,0.002769633799830294,1992.6474461284754,0.003148815721925704,5907.22074917303,0.009334691695724326,"(369, 437)","(369, 437)",bool,225,309.54,20.73,[1.4941432504076897],Yes!!,"[(279.4221204071491, 155.32801135543508)]",7.053944067509284e-05,0.00012145303684499701,[],
{'W1'},105,210.91892635242857,313.0288159153972,9,16,23,0.0003404810463451791,7.182800793006778e-05,Valid,1642.6596417597766,0.0022552779354032375,1642.6596417597766,0.0025957589817484166,4810.175488175524,0.007601121930433133,"(369, 437)","(369, 437)",bool,250,309.54,20.73,[9.026981159085102],Point Source Detected,"[(211.36168276583106, 306.4786856354707)]",6.404578776245377e-05,0.00010959663972204248,[],
{'W1'},107,203.9235774355693,174.00027022976883,9,16,23,0.00025021317124623507,0.00010471578743463047,Valid,3422.7233496522595,0.005158433057732682,3422.7233496522595,0.005408646228978917,11002.177541928355,0.017385829935321263,"(369, 437)","(369, 437)",bool,250,309.54,20.73,"[9.01432165988941, 8.031545111738401]",Point Source Detected,"[(197.4201197622296, 174.82760018217965), (208.10446894069318, 178.0793477547129)]",9.244909775080023e-05,0.00016575097917922516,[],
{'W1'},120,176.8116251669976,251.19741357956195,9,16,23,0.0003806024856474249,0.00010480446314802703,Valid,3447.341513493894,0.005066945788698363,3447.341513493894,0.005447548274345788,10807.048679059248,0.01707748395450189,"(369, 437)","(369, 437)",bool,255,309.54,20.73,"[5.487422037655745, 5.060352597498933]",Yes!!,"[(179.5406297516763, 248.28546625414114), (176.80745538839273, 254.8776677029999)]",9.278097517941495e-05,0.0001642745673667892,[],
