IAUNAME,CSC21P_name
4XMM J100141.9+020357,2CXO J100141.9+020358
4XMM J100158.2+553135,2CXO J100158.3+553135
4XMM J105048.2+572521,2CXO J105048.1+572521
4XMM J122737.8+084407,2CXO J122737.8+084405
4XMM J134736.4+173404,2CXO J134736.4+173404
4XMM J141249.6-030720,2CXO J141249.7-030719
4XMM J151616.0+561701,2CXO J151616.0+561701
4XMM J160457.7+325254,2CXO J160457.6+325253
4XMM J100059.4+555139,2CXO J100059.4+555140
4XMM J121353.5+025535,2CXO J121353.4+025535
4XMM J022257.9-041840,2CXO J022257.9-041840
4XMM J121802.9+292440,2CXO J121802.9+292440
4XMM J123714.3+620503,2CXO J123714.3+620504
4XMM J021412.2-042338,2CXO J021412.1-042339
4XMM J112422.5+213131,2CXO J112422.6+213132
4XMM J122649.5+311736,2CXO J122649.5+311736
4XMM J142409.2+041607,2CXO J142409.3+041607
4XMM J090933.9+514234,2CXO J090933.9+514237
4XMM J122534.4+053029,2CXO J122534.6+053028
4XMM J123017.8+135220,2CXO J123017.8+135222
4XMM J123519.2+123313,2CXO J123519.2+123314
4XMM J133500.1+375632,2CXO J133500.1+375632
4XMM J153239.4+302610,2CXO J153239.3+302610
4XMM J135345.3+402023,2CXO J135345.3+402021
4XMM J105458.9+573856,2CXO J105459.0+573855
4XMM J090948.6+105633,2CXO J090948.6+105634
4XMM J084902.2+450003,2CXO J084902.2+450004
4XMM J221741.7+000908,2CXO J221741.6+000907
4XMM J021729.0-051850,2CXO J021728.9-051851
4XMM J100157.7+023804,2CXO J100157.7+023804
4XMM J121010.6+392300,2CXO J121010.6+392301
4XMM J004923.8+320015,2CXO J004923.9+320015
4XMM J001544.1+171602,2CXO J001544.1+171602
4XMM J004113.8+252646,2CXO J004113.8+252646
4XMM J105622.0+421808,2CXO J105622.0+421807
4XMM J133329.1+375559,2CXO J133329.1+375558
4XMM J103515.6+393909,2CXO J103515.6+393909
4XMM J234446.3+090538,2CXO J234446.3+090538
4XMM J122546.0+125301,2CXO J122546.1+125301
4XMM J124810.2+175135,2CXO J124810.2+175135
4XMM J130901.4+212243,2CXO J130901.4+212243
4XMM J141604.9+131256,2CXO J141604.8+131257
4XMM J020558.1-061313,2CXO J020558.1-061313
4XMM J141634.7+113332,2CXO J141634.8+113329
4XMM J141644.0+522218,2CXO J141643.9+522219
4XMM J131605.2+420244,2CXO J131605.2+420244
4XMM J083139.0+524205,2CXO J083139.1+524205
4XMM J111703.6+174441,2CXO J111703.5+174440
4XMM J080421.2+100611,2CXO J080421.3+100611
4XMM J132406.8+135428,2CXO J132406.8+135427
4XMM J120746.1+430735,2CXO J120746.1+430736
4XMM J015957.5+003310,2CXO J015957.6+003311
4XMM J091646.0+283527,2CXO J091646.0+283526
4XMM J100713.4+124714,2CXO J100713.2+124712
4XMM J113816.6+215814,2CXO J113816.6+215814
4XMM J124626.9+261904,2CXO J124627.0+261903
4XMM J125909.6-013614,2CXO J125909.6-013615
4XMM J143052.4+331322,2CXO J143052.2+331322
4XMM J165058.8+344705,2CXO J165058.8+344704
4XMM J100458.3+411321,2CXO J100458.3+411321
4XMM J120358.2+575534,2CXO J120358.5+575536
4XMM J075026.1+501513,2CXO J075025.8+501512
4XMM J111939.6+212220,2CXO J111939.8+212221
4XMM J122442.2+125109,2CXO J122442.1+125112
4XMM J121807.1+295611,2CXO J121807.1+295611
4XMM J004310.4-092619,2CXO J004310.5-092618
4XMM J112026.6+431518,2CXO J112026.6+431519
4XMM J112903.3+583208,2CXO J112903.4+583208
4XMM J113645.9+070647,2CXO J113645.8+070647
4XMM J123026.0+414256,2CXO J123026.0+414257
4XMM J234446.9+091823,2CXO J234446.9+091823
4XMM J173801.2+583011,2CXO J173801.1+583012
4XMM J122811.3+441313,2CXO J122811.2+441313
4XMM J100014.9+023933,2CXO J100014.8+023934
4XMM J132035.1+340359,2CXO J132035.1+340359
4XMM J152424.7+295930,2CXO J152424.9+295931
4XMM J123629.2+262659,2CXO J123629.2+262656
4XMM J121804.7+292343,2CXO J121804.9+292345
4XMM J140606.9+223333,2CXO J140606.9+223333
4XMM J122348.9+103254,2CXO J122348.8+103252
4XMM J103218.1+573829,2CXO J103218.0+573830
4XMM J140707.8+282413,2CXO J140707.8+282413
4XMM J141631.9+231906,2CXO J141631.9+231906
4XMM J080535.0+240950,2CXO J080534.9+240950
4XMM J080535.0+240950,2CXO J080535.1+240948
4XMM J092659.8+305502,2CXO J092659.8+305503
4XMM J110009.5+100311,2CXO J110009.4+100312
4XMM J153645.6+161335,2CXO J153645.6+161335
4XMM J151038.8+055331,2CXO J151038.8+055332
4XMM J085941.8+391011,2CXO J085941.7+391011
4XMM J123526.6+212034,2CXO J123526.6+212034
4XMM J141835.9+533126,2CXO J141836.0+533126
4XMM J133032.0-015858,2CXO J133032.0-015857
4XMM J095759.5+022810,2CXO J095759.4+022810
4XMM J112154.8+242457,2CXO J112154.8+242456
4XMM J123609.4+285602,2CXO J123609.3+285601
4XMM J004127.2+252617,2CXO J004127.2+252616
4XMM J101738.5+214118,2CXO J101738.5+214118
4XMM J103333.8+581435,2CXO J103334.0+581435
4XMM J115628.2+550732,2CXO J115628.1+550730
4XMM J140052.5-014511,2CXO J140052.5-014511
4XMM J111909.3+402040,2CXO J111909.2+402041
4XMM J005629.5+003014,2CXO J005629.4+003014
4XMM J015024.2+223139,2CXO J015024.3+223139
4XMM J093952.7+355358,2CXO J093952.7+355358
4XMM J105045.9+571732,2CXO J105046.1+571732
4XMM J123625.4+125843,2CXO J123625.4+125844
4XMM J111734.5+074805,2CXO J111734.5+074806
4XMM J082443.2+295923,2CXO J082443.3+295923
4XMM J095110.9+391726,2CXO J095110.9+391726
4XMM J150117.0+014957,2CXO J150117.0+014958
4XMM J004112.9+253346,2CXO J004112.9+253347
4XMM J233314.7+000109,2CXO J233314.7+000109
4XMM J100220.5+014614,2CXO J100220.6+014614
4XMM J122433.5+124851,2CXO J122433.5+124851
4XMM J100432.0+411555,2CXO J100432.1+411556
4XMM J095746.0+021715,2CXO J095745.9+021714
4XMM J115449.9+231924,2CXO J115449.9+231924
4XMM J101741.5+413050,2CXO J101741.4+413051
4XMM J160540.2+543136,2CXO J160540.1+543137
4XMM J141437.3-002800,2CXO J141437.4-002800
4XMM J112014.4+530245,2CXO J112014.6+530246
4XMM J073248.0+313543,2CXO J073247.9+313543
4XMM J100316.1+024003,2CXO J100316.1+024002
4XMM J083130.3+524503,2CXO J083130.4+524502
4XMM J012830.0+290301,2CXO J012830.1+290300
4XMM J085356.8+031033,2CXO J085356.8+031033
4XMM J102406.8+041631,2CXO J102406.8+041632
4XMM J173809.3+584253,2CXO J173809.3+584253
4XMM J123645.0+290305,2CXO J123645.2+290307
4XMM J130848.1+213218,2CXO J130848.2+213218
4XMM J090449.1+340555,2CXO J090449.0+340555
4XMM J100719.6+125113,2CXO J100719.7+125113
4XMM J142115.8+531946,2CXO J142115.9+531948
4XMM J021916.0-055726,2CXO J021916.0-055726
4XMM J121742.0+034631,2CXO J121742.0+034630
4XMM J123612.7+285900,2CXO J123612.8+285858
4XMM J233731.7+002559,2CXO J233731.7+002600
4XMM J141523.5+360936,2CXO J141523.5+360936
4XMM J122926.4+132020,2CXO J122926.4+132019
4XMM J140048.2+024703,2CXO J140048.2+024701
4XMM J121837.0+143044,2CXO J121837.0+143044
4XMM J122137.4+295701,2CXO J122137.4+295701
4XMM J091858.8+514339,2CXO J091858.7+514340
4XMM J162803.8+274141,2CXO J162803.9+274139
4XMM J015948.6+003018,2CXO J015948.6+003021
4XMM J095903.0+021050,2CXO J095902.9+021048
4XMM J111307.8+132331,2CXO J111307.8+132331
4XMM J161216.9+293422,2CXO J161216.7+293423
4XMM J130852.2+212818,2CXO J130852.2+212819
4XMM J091533.6+293606,2CXO J091533.6+293604
4XMM J104604.1+042428,2CXO J104604.1+042429
4XMM J080541.7+241028,2CXO J080541.6+241029
4XMM J234319.2+002117,2CXO J234319.2+002116
4XMM J103312.6+574203,2CXO J103312.7+574203
4XMM J122839.0+440149,2CXO J122839.0+440150
4XMM J212957.0+000208,2CXO J212957.0+000208
4XMM J111558.2+012638,2CXO J111558.3+012638
4XMM J105909.0+074851,2CXO J105908.9+074853
4XMM J110840.3+340550,2CXO J110840.1+340552
4XMM J162948.1+400226,2CXO J162948.0+400224
4XMM J121354.8+024753,2CXO J121354.8+024752
4XMM J145753.2+222423,2CXO J145753.2+222422
4XMM J091055.8+174218,2CXO J091055.7+174218
4XMM J080211.4+004942,2CXO J080211.2+004942
4XMM J131155.5+220100,2CXO J131155.5+220059
4XMM J123614.2+255022,2CXO J123614.3+255022
4XMM J134327.7+000008,2CXO J134327.8+000008
4XMM J140134.4+542031,2CXO J140134.7+542032
4XMM J141539.0-002847,2CXO J141539.0-002849
4XMM J104153.9+395944,2CXO J104153.7+395946
4XMM J011522.2+001518,2CXO J011522.1+001518
4XMM J153742.4+115829,2CXO J153742.3+115831
4XMM J091347.3+295555,2CXO J091347.3+295554
4XMM J101149.7+462900,2CXO J101149.7+462901
4XMM J120247.1+574550,2CXO J120247.2+574550
4XMM J024738.6-033645,2CXO J024738.6-033645
4XMM J081937.8+210652,2CXO J081937.7+210652
4XMM J160959.2+540437,2CXO J160959.1+540437
4XMM J121819.3+291512,2CXO J121819.2+291513
4XMM J121422.6+025748,2CXO J121422.8+025749
4XMM J135023.7+401541,2CXO J135023.7+401543
4XMM J022847.4+004319,2CXO J022847.4+004320
4XMM J022531.9-044344,2CXO J022531.8-044345
4XMM J151005.1+053804,2CXO J151005.1+053805
4XMM J112312.8+014226,2CXO J112312.7+014223
4XMM J221723.7+001651,2CXO J221723.6+001652
4XMM J132110.0+330353,2CXO J132109.9+330353
4XMM J122847.1+135327,2CXO J122847.2+135328
4XMM J172039.0+263348,2CXO J172039.1+263348
4XMM J081358.4+542705,2CXO J081358.6+542703
4XMM J122952.3+114038,2CXO J122952.3+114038
4XMM J123934.2+473214,2CXO J123934.2+473214
4XMM J095834.1+024331,2CXO J095834.2+024332
4XMM J114201.1+582143,2CXO J114201.2+582142
4XMM J212955.4+000759,2CXO J212955.3+000801
4XMM J123101.2+102901,2CXO J123101.3+102859
4XMM J233029.6+000530,2CXO J233029.7+000530
4XMM J150209.9+421733,2CXO J150209.8+421734
4XMM J101730.4+390417,2CXO J101730.3+390417
4XMM J112010.4+133934,2CXO J112010.4+133934
4XMM J132500.7+301955,2CXO J132500.6+301955
4XMM J133422.2+374804,2CXO J133422.1+374804
4XMM J103043.1+052319,2CXO J103043.1+052319
4XMM J131210.0-012415,2CXO J131210.0-012413
4XMM J224323.1-093106,2CXO J224323.1-093105
4XMM J120253.9+575000,2CXO J120254.1+574958
4XMM J090821.9+394139,2CXO J090822.0+394138
4XMM J111246.7+132401,2CXO J111246.7+132401
4XMM J152156.6+074807,2CXO J152156.3+074807
4XMM J092729.6+294703,2CXO J092729.7+294703
4XMM J135124.2+401307,2CXO J135124.2+401307
4XMM J164858.2+344915,2CXO J164858.1+344915
4XMM J021731.1-051820,2CXO J021731.1-051821
4XMM J214411.7+281018,2CXO J214411.7+281019
4XMM J004516.1-014952,2CXO J004515.9-014954
4XMM J111437.0+125215,2CXO J111437.0+125215
